<div align="justify">

# Code, Learn & Practice("Simulacro de bbdd üß™: Consultas, √çndices, Vistas, Funciones y Procedimientos")

<div align="center">
<img src="https://www.seguridadkimika.eus/wp-content/uploads/2017/10/sirenas-seguridad-kimika-simulacro.jpg" width="200px"/>
</div>

## üßæ Contexto

Como analista de datos en una universidad, se te ha encargado la explotaci√≥n de una base de datos que permita gestionar estudiantes, profesores, cursos y matr√≠culas. Adem√°s, deber√°s demostrar habilidades en consultas SQL, √≠ndices, vistas, procedimientos y funciones.

## Base de datos en docker

## üîé Parte 1: Consultas SQL

### A. Consultas Simples

1. Mostrar todos los cursos disponibles.

```sql
SELECT * FROM cursos;
+----+----------------------+-------------+----------+
| id | nombre               | profesor_id | creditos |
+----+----------------------+-------------+----------+
|  1 | √Ålgebra Lineal       |           1 |        6 |
|  2 | Programaci√≥n I       |           2 |        5 |
|  3 | Mec√°nica Cl√°sica     |           3 |        6 |
|  4 | Estructuras de Datos |           2 |        5 |
|  5 | C√°lculo I            |           1 |        6 |
+----+----------------------+-------------+----------+
5 rows in set (0.000001 sec)
```

2. Mostrar el nombre de todos los profesores.

```sql
SELECT nombre FROM profesores;
+------------------+
| nombre           |
+------------------+
| Dra. Ana Torres  |
| Dr. Luis G√≥mez   |
| Dra. Marta D√≠az  |
+------------------+
3 rows in set (0.000003 sec)
```

3. Listar todas las matr√≠culas.

```sql
SELECT * FROM matriculas;
+----+---------------+----------+------------+
| id | estudiante_id | curso_id | fecha      |
+----+---------------+----------+------------+
|  1 |             1 |        1 | 2021-09-01 |
|  2 |             2 |        2 | 2022-09-01 |
|  3 |             3 |        3 | 2023-09-02 |
|  4 |             4 |        4 | 2024-09-03 |
|  5 |             1 |        5 | 2020-09-04 |
|  6 |             2 |        4 | 2022-09-05 |
|  7 |             3 |        1 | 2023-09-06 |
|  8 |             4 |        2 | 2024-09-06 |
+----+---------------+----------+------------+
8 rows in set (0.000001 sec)

```

4. Ver los nombres y correos de los estudiantes.

```sql
SELECT nombre, email FROM estudiantes;
+-------------------+----------------+
| nombre            | email          |
+-------------------+----------------+
| Mar√≠a L√≥pez       | maria@uni.edu  |
| Juan P√©rez        | juan@uni.edu   |
| Luc√≠a Fern√°ndez   | lucia@uni.edu  |
| Carlos Ruiz       | carlos@uni.edu |
+-------------------+----------------+
4 rows in set (0.000001 sec)
```

5. Ver los cursos y su n√∫mero de cr√©ditos.

```sql
SELECT nombre AS curso, creditos FROM cursos;
+----------------------+----------+
| curso                | creditos |
+----------------------+----------+
| √Ålgebra Lineal       |        6 |
| Programaci√≥n I       |        5 |
| Mec√°nica Cl√°sica     |        6 |
| Estructuras de Datos |        5 |
| C√°lculo I            |        6 |
+----------------------+----------+
5 rows in set (0.000001 sec)
```
---

### B. Consultas con `WHERE`. Obligatorio utilizar **WHERE** donde se **combine dos o m√°s tablas**

1. Obtener los cursos impartidos por profesores del departamento de Inform√°tica.

```sql

SELECT c.nombre AS cursos, p.departamento AS departamento FROM cursos c,
profesores p WHERE p.id = c.profesor_id AND p.departamento REGEXP "^[Ii]nformatica$";
+----------------------+--------------+
| cursos               | departamento |
+----------------------+--------------+
| Programaci√≥n I       | Informatica  |
| Estructuras de Datos | Informatica  |
+----------------------+--------------+
2 rows in set (0.00001 sec)
```

2. Obtener los estudiantes que viven en Madrid.

```sql
SELECT e.* FROM estudiantes e WHERE e.ciudad REGEXP "^[Mm]adrid$";
+----+---------------+---------------+--------+
| id | nombre        | email         | ciudad |
+----+---------------+---------------+--------+
|  1 | Mar√≠a L√≥pez   | maria@uni.edu | Madrid |
+----+---------------+---------------+--------+
1 row in set (0.00001 sec)
```

3. Mostrar los cursos con m√°s de 5 cr√©ditos.

```sql
SELECT c.* FROM cursos c WHERE c.creditos > 5;
+----+--------------------+-------------+----------+
| id | nombre             | profesor_id | creditos |
+----+--------------------+-------------+----------+
|  1 | √Ålgebra Lineal     |           1 |        6 |
|  3 | Mec√°nica Cl√°sica   |           3 |        6 |
|  5 | C√°lculo I          |           1 |        6 |
+----+--------------------+-------------+----------+
3 rows in set (0.00003 sec)
```

4. Ver las matr√≠culas realizadas despu√©s del a√±o 2022.

```sql
SELECT m.* FROM matriculas m WHERE YEAR(m.fecha) > "2022";
+----+---------------+----------+------------+
| id | estudiante_id | curso_id | fecha      |
+----+---------------+----------+------------+
|  3 |             3 |        3 | 2023-09-02 |
|  4 |             4 |        4 | 2024-09-03 |
|  7 |             3 |        1 | 2023-09-06 |
|  8 |             4 |        2 | 2024-09-06 |
+----+---------------+----------+------------+
4 rows in set (0.00001 sec)
```

5. Ver los cursos impartidos por la profesora ‚ÄúDra. Ana Torres‚Äù.

```sql
SELECT p.nombre AS profesor, c.nombre AS cursos_impartidos FROM cursos c, profesores p WHERE p.nombre REGEXP 'Dra. Ana Torres';
+-----------------+----------------------+
| profesor        | cursos_impartidos    |
+-----------------+----------------------+
| Dra. Ana Torres | √Ålgebra Lineal       |
| Dra. Ana Torres | Programaci√≥n I       |
| Dra. Ana Torres | Mec√°nica Cl√°sica     |
| Dra. Ana Torres | Estructuras de Datos |
| Dra. Ana Torres | C√°lculo I            |
+-----------------+----------------------+
5 rows in set (0.00001 sec)
```

---

### C. Consultas con `JOIN`.  Obligatorio utilizar **JOIN** donde se **combine dos o m√°s tablas**

> (Devuelven el mismo resultado que las anteriores, pero usando combinaciones de tablas)

1. Mostrar cursos impartidos por profesores del departamento de Inform√°tica.

```sql
SELECT c.nombre AS cursos, p.departamento AS departamento FROM cursos c J
OIN profesores p ON c.profesor_id = c.id AND p.departamento REGEXP '^[Ii]nformat
ica$';
+--------------------+--------------+
| cursos             | departamento |
+--------------------+--------------+
| √Ålgebra Lineal     | Informatica  |
| Programaci√≥n I     | Informatica  |
| Mec√°nica Cl√°sica   | Informatica  |
+--------------------+--------------+
3 rows in set (0.00001 sec)
```

2. Obtener estudiantes que viven en Madrid.

```sql
SELECT DISTINCT e.* FROM estudiantes e JOIN matriculas m ON e.id = m.estudiante_id WHERE e.ciudad REGEXP "^[Mm]adrid$";
+----+---------------+---------------+--------+
| id | nombre        | email         | ciudad |
+----+---------------+---------------+--------+
|  1 | Mar√≠a L√≥pez   | maria@uni.edu | Madrid |
+----+---------------+---------------+--------+
1 row in set (0.00004 sec)
```

3. Mostrar cursos con m√°s de 5 cr√©ditos.

```sql
SELECT c.* FROM cursos c JOIN profesores p ON c.profesor_id = p.id AND c.creditos > 5;
+----+--------------------+-------------+----------+
| id | nombre             | profesor_id | creditos |
+----+--------------------+-------------+----------+
|  1 | √Ålgebra Lineal    |           1 |        6 |
|  3 | Mec√°nica Cl√°sica |           3 |        6 |
|  5 | C√°lculo I         |           1 |        6 |
+----+--------------------+-------------+----------+
3 rows in set (0.000001 sec)
```

4. Listar matr√≠culas realizadas despu√©s del a√±o 2022.

```sql
SELECT m.* FROM matriculas m JOIN estudiantes e ON m.estudiante_id = e.id AND YEAR(fecha) > "2022";
+----+---------------+----------+------------+
| id | estudiante_id | curso_id | fecha      |
+----+---------------+----------+------------+
|  3 |             3 |        3 | 2023-09-02 |
|  7 |             3 |        1 | 2023-09-06 |
|  4 |             4 |        4 | 2024-09-03 |
|  8 |             4 |        2 | 2024-09-06 |
+----+---------------+----------+------------+
4 rows in set (0.00001 sec)
```

5. Mostrar los cursos impartidos por la profesora ‚ÄúDra. Ana Torres‚Äù.

```sql
SELECT c.nombre AS cursos, p.nombre AS profesora FROM cursos c JOIN profesores p ON c.profesor_id = p.id AND p.nombre REGEXP '^Dra. Ana Torres$';
+-----------------+-----------------+
| cursos          | profesora       |
+-----------------+-----------------+
| √Ålgebra Lineal  | Dra. Ana Torres |
| C√°lculo I       | Dra. Ana Torres |
+-----------------+-----------------+
2 rows in set (0.00002 sec)
```
---

### D. Consultas con Subconsultas

> (Devuelven el mismo resultado que las anteriores, pero usando subconsultas)

1. Cursos impartidos por profesores del departamento de Inform√°tica.

```sql
SELECT nombre AS cursos,
(SELECT departamento FROM profesores p WHERE p.id = c.profesor_id) AS departamento
FROM cursos c WHERE c.profesor_id IN 
(SELECT id FROM profesores WHERE departamento REGEXP '^[Ii]nformatica$')
;

+----------------------+--------------+
| cursos               | departamento |
+----------------------+--------------+
| Programaci√≥n I       | Informatica  |
| Estructuras de Datos | Informatica  |
+----------------------+--------------+
2 rows in set (0.0001 sec)
```

2. Estudiantes que viven en Madrid.

```sql
SELECT e.* FROM estudiantes e WHERE e.id IN (SELECT id FROM estudiantes WHERE ciudad REGEXP "^[Mm]adrid$");
+----+---------------+---------------+--------+
| id | nombre        | email         | ciudad |
+----+---------------+---------------+--------+
|  1 | Mar√≠a L√≥pez   | maria@uni.edu | Madrid |
+----+---------------+---------------+--------+
1 row in set (0.0001 sec)

```

3. Cursos con m√°s de 5 cr√©ditos.

```sql
SELECT * FROM cursos WHERE id IN (SELECT id FROM cursos WHERE creditos > 5);
+----+--------------------+-------------+----------+
| id | nombre             | profesor_id | creditos |
+----+--------------------+-------------+----------+
|  1 | √Ålgebra Lineal     |           1 |        6 |
|  3 | Mec√°nica Cl√°sica   |           3 |        6 |
|  5 | C√°lculo I          |           1 |        6 |
+----+--------------------+-------------+----------+
3 rows in set (0.0001 sec)
```

4. Matr√≠culas realizadas despu√©s del a√±o 2022.

```sql
SELECT * FROM matriculas WHERE id IN (SELECT id FROM matriculas WHERE YEAR(fecha) > "2022");
+----+---------------+----------+------------+
| id | estudiante_id | curso_id | fecha      |
+----+---------------+----------+------------+
|  3 |             3 |        3 | 2023-09-02 |
|  4 |             4 |        4 | 2024-09-03 |
|  7 |             3 |        1 | 2023-09-06 |
|  8 |             4 |        2 | 2024-09-06 |
+----+---------------+----------+------------+
4 rows in set (0.001 sec)
```

5. Cursos impartidos por la profesora ‚ÄúDra. Ana Torres‚Äù.

```sql
SELECT (SELECT nombre FROM profesores WHERE id = c.profesor_id) AS profesor, c.nombre AS cursos_impartidos FROM cursos c WHERE c.profesor_id IN (SELECT id FROM profesores WHERE nombre REGEXP "^Dra. Ana Torres$");
+-----------------+-------------------+
| profesor        | cursos_impartidos |
+-----------------+-------------------+
| Dra. Ana Torres | √Ålgebra Lineal   |
| Dra. Ana Torres | C√°lculo I        |
+-----------------+-------------------+
2 rows in set (0.0002 sec)
```

---

## üìÇ Parte 2: √çndices

1. Crear un √≠ndice en la columna `ciudad` de la tabla `estudiantes`.

```sql
CREATE INDEX idx_ciudad ON estudiantes(ciudad);
Query OK, 0 rows affected (0.0000029 sec)
Records: 0  Duplicates: 0  Warnings: 0
```

2. Crear un √≠ndice en la columna `departamento` de la tabla `profesores`.

```sql
CREATE INDEX idx_departamento ON profesores(departamento);
Query OK, 0 rows affected (0.0000020 sec)
Records: 0  Duplicates: 0  Warnings: 0
```

3. Consultar los √≠ndices creados.

```sql

SHOW INDEXES FROM estudiantes;
+-------------+------------+------------+--------------+-------------+-----------+-------------+----------+--------+------+------------+---------+---------------+---------+------------+
| Table       | Non_unique | Key_name   | Seq_in_index | Column_name | Collation | Cardinality | Sub_part | Packed | Null | Index_type | Comment | Index_comment | Visible | Expression |
+-------------+------------+------------+--------------+-------------+-----------+-------------+----------+--------+------+------------+---------+---------------+---------+------------+
| estudiantes |          0 | PRIMARY    |            1 | id          | A         |           4 |     NULL |   NULL |      | BTREE      |         |               | YES     | NULL       |
| estudiantes |          1 | idx_ciudad |            1 | ciudad      | A         |           4 |     NULL |   NULL | YES  | BTREE      |         |               | YES     | NULL       |
+-------------+------------+------------+--------------+-------------+-----------+-------------+----------+--------+------+------------+---------+---------------+---------+------------+
2 rows in set (0.002 sec)

ERROR: 
No query specified

SHOW INDEXES FROM profesores;
+------------+------------+------------------+--------------+--------------+-----------+-------------+----------+--------+------+------------+---------+---------------+---------+------------+
| Table      | Non_unique | Key_name         | Seq_in_index | Column_name  | Collation | Cardinality | Sub_part | Packed | Null | Index_type | Comment | Index_comment | Visible | Expression |
+------------+------------+------------------+--------------+--------------+-----------+-------------+----------+--------+------+------------+---------+---------------+---------+------------+
| profesores |          0 | PRIMARY          |            1 | id           | A         |           3 |     NULL |   NULL |      | BTREE      |         |               | YES     | NULL       |
| profesores |          1 | idx_departamento |            1 | departamento | A         |           3 |     NULL |   NULL | YES  | BTREE      |         |               | YES     | NULL       |
+------------+------------+------------------+--------------+--------------+-----------+-------------+----------+--------+------+------------+---------+---------------+---------+------------+
2 rows in set (0.004 sec)

ERROR: 
No query specified
```

4. Eliminar ambos √≠ndices.

```sql

DROP INDEX idx_ciudad ON estudiantes;
Query OK, 0 rows affected (0.012 sec)
Records: 0  Duplicates: 0  Warnings: 0

DROP INDEX idx_departamento ON profesores;
Query OK, 0 rows affected (0.011 sec)
Records: 0  Duplicates: 0  Warnings: 0
```
---

## ü™û Parte 3: Vistas

1. Crear una vista llamada `vista_matriculas_completas` que muestre:
   - nombre del estudiante,
   - nombre del curso,
   - fecha de la matr√≠cula.

```sql
CREATE VIEW vista_matriculas_completas AS 
    SELECT e.nombre AS nombre_estudiante,
           c.nombre AS nombre_curso, 
           m.fecha AS fecha_matricula 
    FROM matriculas m 
    JOIN estudiantes e ON m.estudiante_id = e.id 
    JOIN cursos c ON m.curso_id = c.id;

Query OK, 0 rows affected (0.00005 sec)

```

2. Consultar datos desde la vista, mostrando el nombre del estudiante y la fecha de matr√≠cula.

```sql
SELECT nombre_estudiante, fecha_matricula FROM vista_matriculas_completas;
+-------------------+-----------------+
| nombre_estudiante | fecha_matricula |
+-------------------+-----------------+
| Mar√≠a L√≥pez       | 2021-09-01      |
| Mar√≠a L√≥pez       | 2020-09-04      |
| Juan P√©rez        | 2022-09-01      |
| Juan P√©rez        | 2022-09-05      |
| Luc√≠a Fern√°ndez   | 2023-09-02      |
| Luc√≠a Fern√°ndez   | 2023-09-06      |
| Carlos Ruiz       | 2024-09-03      |
| Carlos Ruiz       | 2024-09-06      |
+-------------------+-----------------+
8 rows in set (0.00001 sec)
```

3. Eliminar la vista.

```sql
DROP VIEW IF EXISTS vista_matriculas_completas;
Query OK, 0 rows affected (0.00005 sec)
```

---

## ‚öô Parte 4: Procedimiento Almacenado

1. Crear un procedimiento llamado `cursos_por_profesor` que reciba el nombre del profesor como par√°metro y devuelva los cursos que imparte y su n√∫mero de cr√©ditos.

```sql
DROP PROCEDURE IF EXISTS cursos_por_profesor;
DELIMITER //
CREATE PROCEDURE cursos_por_profesor (
  IN nombre_profesor VARCHAR(100)
)
BEGIN
  SELECT c.nombre AS cursos_impartidos,
         c.creditos AS numero_creditos 
  FROM cursos c 
  JOIN profesores p ON c.profesor_id = p.id 
  WHERE p.nombre = nombre_profesor;
END //
DELIMITER;

Query OK, 0 rows affected (0.0004 sec)
```

2. Ejecutar el procedimiento con el nombre ‚ÄúDr. Luis G√≥mez‚Äù.

```sql
CALL cursos_por_profesor('Dr. Luis Gomez');
+----------------------+-----------------+
| cursos_impartidos    | numero_creditos |
+----------------------+-----------------+
| Programacion I       |               5 |
| Estructuras de Datos |               5 |
+----------------------+-----------------+
2 rows in set (0.0002 sec)

Query OK, 0 rows affected (0.0002 sec)
```

3. Eliminar el procedimiento.

```sql
DROP PROCEDURE IF EXISTS cursos_por_profesor;
Query OK, 0 rows affected (0.0004 sec)
```

---

## üî¢ Parte 5: Funci√≥n Definida por el Usuario

1. Crear una funci√≥n llamada `total_creditos_estudiante` que reciba el ID de un estudiante y devuelva el total de cr√©ditos que ha matriculado.

```sql
DROP FUNCTION IF EXISTS total_creditos_estudiante;
DELIMITER $$

CREATE FUNCTION total_creditos_estudiante(
  id_est INT
)
RETURNS INT
DETERMINISTIC
READS SQL DATA
BEGIN
  DECLARE total INT;

  SELECT SUM(c.creditos)
  INTO total
  FROM matriculas m
  JOIN cursos c ON m.curso_id = c.id
  WHERE m.estudiante_id = id_est;

  RETURN IFNULL(total, 0);

END $$
DELIMITER ;

```

2. Ejecutar la funci√≥n para un estudiante espec√≠fico.

```sql
SELECT total_creditos_estudiante(3);
+------------------------------+
| total_creditos_estudiante(3) |
+------------------------------+
|                           12 |
+------------------------------+
1 row in set (0.00003 sec)

```

3. Eliminar la funci√≥n.

```sql
DROP FUNCTION IF EXISTS total_creditos_estudiante;
Query OK, 0 rows affected (0.0011 sec)
```

</div>
